name,price_text,price_value,currency,gem_type,weight_carat,clarity,size_mm,colour,shape_cut,treatment,collected_at
1.16ct Natural Unheated Pink Sapphire,"Rs 713,500.00",713500.0,LKR,Natural Unheated Pink Sapphire,1.16,EC,,Vivid Pink,Oval,Unheated,2025-09-01T12:54:52.564270+00:00
1.30ct Natural Unheated Pink Sapphire,"Rs 590,900.00",590900.0,LKR,Natural Unheated Pink Sapphire,1.30,EC,,Vivid Pink,Oval,Unheated,2025-09-01T12:55:01.449590+00:00
0.77ct Natural Unheated Pink Sapphire,"Rs 356,800.00",356800.0,LKR,Natural Pink Sapphire,0.77,EC,,Vivid Pink,Cushion,Unheated,2025-09-01T12:55:08.550022+00:00
0.89ct Natural Unheated Pink Sapphire,"Rs 412,500.00",412500.0,LKR,Natural Pink Sapphire,0.89,EC,,Vivid Pink,Cushion,Unheated,2025-09-01T12:55:16.102790+00:00
0.93ct Natural Unheated Pink Sapphire Pair,"Rs 245,300.00",245300.0,LKR,Natural Unheated Pink Sapphire,0.93,,5 mm,Reddish Pink,Baguette,Unheated,2025-09-01T12:55:24.452816+00:00
0.85ct Natural Pink Sapphire,"Rs 167,300.00",167300.0,LKR,Natural Pink Sapphire,0.85,EC,,Hot Pink,Baguette,Heated,2025-09-01T12:55:33.114759+00:00
1.60ct Natural Unheated Pink Sapphire,"Rs 624,300.00",624300.0,LKR,Natural Unheated Pink Sapphire,1.60,EC,,Purplish Pink,Pear,Unheated,2025-09-01T12:55:40.286901+00:00
0.76ct Natural Pink Sapphire,"Rs 245,300.00",245300.0,LKR,Natural Pink Sapphire,0.76,LC,,Vivid Pink,Cushion,Heated,2025-09-01T12:55:48.582393+00:00
1.17ct Natural Pink Sapphire,"Rs 546,300.00",546300.0,LKR,Natural Pink Sapphire,1.17,EC,6 mm,Vivid Pink,Round,Heated,2025-09-01T12:55:55.225298+00:00
2.21ct  Natural Pink Sapphire,"Rs 1,192,900.00",1192900.0,LKR,Natural Pink Sapphire,2.21,EC,9 x 7 x 5 mm,Vivid Pink,Pear,Heated,2025-09-01T12:56:02.792988+00:00
3.43ct Natural Pink Sapphire,"Rs 758,100.00",758100.0,LKR,Natural Pink Sapphire,3.43,EC,10 x 9 mm,Vivid Pink,Heart,Heated,2025-09-01T12:56:12.308546+00:00
2.54ct Natural Pink Sapphire,"Rs 1,560,800.00",1560800.0,LKR,Natural Pink Sapphire,2.54,EC,7.5 x 7.5 mm,Vivid Pink,Cushion,Heated,2025-09-01T12:56:18.421812+00:00
1.49ct Natural Pink Sapphire,"Rs 468,300.00",468300.0,LKR,Natural Pink Sapphire,1.49,EC,7.2 x 6.6 mm,Vivid Pink,Cushion,Heated,2025-09-01T12:56:27.622010+00:00
1.18ct Natural Pink Sapphire,"Rs 167,300.00",167300.0,LKR,Natural Pink Sapphire,1.18,EC,5.9 x 5.5 x 3.6 mm,Pink,Emerald Cut,Heated,2025-09-01T12:56:34.247375+00:00
1.20ct Natural Pink Sapphire,"Rs 735,800.00",735800.0,LKR,Natural Pink Sapphire,1.20,LC,8 x 8 x 4.4 mm,Vivid Pink,Emerald Cut,Heated,2025-09-01T12:56:41.075749+00:00
1.05ct Natural Pink Sapphire,"Rs 145,000.00",145000.0,LKR,Natural Pink Sapphire,1.05,EC,6.4 x 5 x 3 mm,Medium Pink,Emerald Cut,Heated,2025-09-01T12:56:48.943521+00:00
1.03ct Natural Pink Sapphire,"Rs 145,000.00",145000.0,LKR,Natural Pink Sapphire,1.03,EC,5.7 x 5.6 x 3.1 mm,Vivid Pink,Cushion,Heated,2025-09-01T12:56:55.705719+00:00
1.09ct Natural Pink Sapphire,"Rs 167,300.00",167300.0,LKR,Natural Pink Sapphire,1.09,EC,6.5 x 5.4 x 3.3 mm,Vivid Pink,Cushion,Heated,2025-09-01T12:57:03.403357+00:00
1.12ct Natural Pink Sapphire,"Rs 178,400.00",178400.0,LKR,Natural Pink Sapphire,1.12,EC,6.8 x 5.3 x 3.1 mm,Hot Pink,Cushion,Heated,2025-09-01T12:57:10.161626+00:00
1.36ct Natural Pink Sapphire,"Rs 468,300.00",468300.0,LKR,Natural Pink Sapphire,1.36,EC,6.3 x 5.9 x 4.2 mm,Hot Pink,Cushion,Heated,2025-09-01T12:57:16.367412+00:00
1.44ct Natural Pink Sapphire,"Rs 211,900.00",211900.0,LKR,Natural Pink Sapphire,1.44,EC,7.9 x 5.2 x 3.5 mm,Medium,Cushion,Heated,2025-09-01T12:57:23.897474+00:00
1.80ct Natural Pink Sapphire,"Rs 691,200.00",691200.0,LKR,Natural Pink Sapphire,1.80,EC,,Vivid Pink,Cushion,Heated,2025-09-01T12:57:32.021500+00:00
2.17ct Natural Pink Sapphire,"Rs 668,900.00",668900.0,LKR,Natural Pink Sapphire,2.17,EC,,Pinkish Purple,Cushion,Heated,2025-09-01T12:57:40.483609+00:00
1.54ct Natural Pink Sapphire,"Rs 501,700.00",501700.0,LKR,Natural Pink Sapphire,1.54,EC,,Hot Pink,Oval,Heated,2025-09-01T12:57:50.926769+00:00
1.65ct Natural Pink Sapphire,"Rs 323,300.00",323300.0,LKR,Natural Pink Sapphire,1.65,EC,,Pink,Oval,Heated,2025-09-01T12:58:08.437340+00:00
1.95ct Natural Pink Sapphire,"Rs 903,000.00",903000.0,LKR,Natural Pink Sapphire,1.95,EC,,Vivid Pink,Oval,Heated,2025-09-01T12:58:21.451232+00:00
1.52ct Natural Unheated Pink Sapphire,"Rs 590,900.00",590900.0,LKR,Natural Unheatded Pink Sapphire,1.52,EC,,Vivid Pink,Oval,Heated,2025-09-01T12:58:29.594180+00:00
2.48ct Natural Pink Sapphire,"Rs 758,100.00",758100.0,LKR,Natural Pink Sapphire,2.48,EC,8.2 x 5.2 mm,Vivid Pink,Oval,Heated,2025-09-01T12:58:36.906322+00:00
2.63ct Natural Pink Sapphire,"Rs 1,415,800.00",1415800.0,LKR,Natural Pink Sapphire,2.63,EC,8.7 x 7.5 mm,Medium Pink,Oval,Heated,2025-09-01T12:58:45.480756+00:00
1.00ct Natural Pink Sapphire,"Rs 156,100.00",156100.0,LKR,Natural Pink Sapphire,1.00,EC,7 x 5.1 x 3.5 mm,Medium Pink,Oval,Heated,2025-09-01T12:58:53.017065+00:00
1.06ct Natural Pink Sapphire,"Rs 245,300.00",245300.0,LKR,Natural Pink Sapphire,1.06,EC,7 x 5.2 x 3.3 mm,Medium Pink,Oval,Heated,2025-09-01T12:59:00.490335+00:00
1.07ct Natural Pink Sapphire,"Rs 167,300.00",167300.0,LKR,Natural Pink Sapphire,1.07,EC,5.6 x 7.8 x 2.8 mm,Medium Pink,Oval,Heated,2025-09-01T12:59:08.632619+00:00
1.08ct Natural Pink Sapphire,"Rs 334,500.00",334500.0,LKR,Natural Pink Sapphire,1.08,LC,7.5 x 4.8 x 3.4 mm,Medium Pink,Oval,Heated,2025-09-01T12:59:16.234982+00:00
1.15ct Natural Pink Sapphire,"Rs 178,400.00",178400.0,LKR,Natural Pink Sapphire,1.15,EC,6.3 x 5.3 x 4.3 mm,Medium Pink,Oval,Heated,2025-09-01T12:59:24.821584+00:00
1.15ct Natural Pink Sapphire,"Rs 267,600.00",267600.0,LKR,Natural Pink Sapphire,1.15,EC,6.7 x 5.8 x 3.3 mm,Vivid Pink,Oval,Heated,2025-09-01T12:59:33.722359+00:00
1.20ct Natural Pink Sapphire,"Rs 189,600.00",189600.0,LKR,Natural Pink Sapphire,1.20,EC,7.4 x 5.8 x 3.4mm,Medium Pink,Oval,Heated,2025-09-01T12:59:42.555351+00:00
1.24ct Natural Pink Sapphire,"Rs 568,600.00",568600.0,LKR,Natural Pink Sapphire,1.24,EC,7.7 x 5.7 x 3mm,Vivid Pink,Oval,Heated,2025-09-01T12:59:51.514686+00:00
2.18ct Natural Unheated Pink Sapphire,"Rs 1,650,000.00",1650000.0,LKR,Natural Unheated Pink Sapphire,2.18,LC,9.1x6.4x4.1mm,Vivid Pink,Oval,Unheated,2025-09-01T12:59:58.635346+00:00
2.05ct Natural Unheated Pink Sapphire,"Rs 579,700.00",579700.0,LKR,Natural Unheated Pink Sapphire,2.05,LC,9.1x7.0x3.4mm,Vivid Pink,Oval,Unheated,2025-09-01T13:00:05.850885+00:00
1.55ct Natural Unheated Pink Sapphire,"Rs 432,600.00",432600.0,LKR,Natural Unheated Pink Sapphire,1.55,LC,7.6x6.7x3.2mm,Pink,Oval,Unheated,2025-09-01T13:00:12.686350+00:00
1.56ct Natural Unheated Pink Sapphire,"Rs 434,800.00",434800.0,LKR,Natural Unheated Pink Sapphire,.1.56,,8.6x6x3.4 mm,Pink,Pear,Unheated,2025-09-01T13:00:20.956044+00:00
2.20ct Natural Pink Sapphire,"Rs 735,800.00",735800.0,LKR,Natural Pink Sapphire,2.20,,8.4 x6.7 mm,Pink Spphire,Cushion,,2025-09-01T13:00:30.212281+00:00
2.19ct Natural Unheated Pink Sapphire,"Rs 825,000.00",825000.0,LKR,Natural Unheated Pink Sapphire,2.19,,9.4 x6.5 x4.1 mm,Pink Spphire,Oval,Unheated,2025-09-01T13:00:38.215838+00:00
2.45ct Natural Pink Sapphire,"Rs 410,300.00",410300.0,LKR,Natural Pink Sapphire,2.45,,9x7 mm,Medium Pink,Oval,,2025-09-01T13:00:45.428972+00:00
1.64ct Natural Pink Sapphire,"Rs 365,700.00",365700.0,LKR,Natural Pink Sapphire,1.64,,8.1 x6.1 mm,Pink,Oval,,2025-09-01T13:00:51.881157+00:00
0.70ct Natural Unheated Pink Sapphire,"Rs 289,900.00",289900.0,LKR,Natural Unheated Pink Sapphire,0.70,,5 mm,Pink,Cushion,Unheated,2025-09-01T13:01:00.516440+00:00
1.45ct Natural Ruby,"Rs 401,400.00",401400.0,LKR,Natural Ruby,1.45,,6.4x5.5x4.3 mm,Vivid Red,Cushion,,2025-09-01T13:01:08.598749+00:00
1.33ct Natural Ruby,"Rs 446,000.00",446000.0,LKR,Natural Ruby,1.33,,6.1 mm,Vivid Red,Round,,2025-09-01T13:01:15.177273+00:00
1.20ct Natural Pink Sapphire 2 pcs,"Rs 138,300.00",138300.0,LKR,Natural Pink Sapphire,1.20,EC,5 × 4 mm,,Cushion,,2025-09-01T13:01:31.277425+00:00
1.04ct Natural Pink Sapphire 2 pcs,"Rs 150,800.00",150800.0,LKR,Natural Pink Sapphire,1.04,EC,6.0 × 4.5 mm,,Pear,,2025-09-01T13:01:40.176689+00:00
1.33ct Natural Pink Sapphire 2 pcs,"Rs 191,800.00",191800.0,LKR,Natural Pink Sapphire,1.33,EC,6.0 × 4.5 mm,,Pear,,2025-09-01T13:01:49.881282+00:00
1.65ct Natural Pink Sapphire 2 pcs,"Rs 238,600.00",238600.0,LKR,Natural Pink Sapphire,1.65,EC,6.7 × 4.5 mm,,Oval,,2025-09-01T13:01:58.830288+00:00
9.05ct Natural Pink Sapphire,"Rs 1,311,100.00",1311100.0,LKR,Natural Pink Sapphire,9.05,,,Peach,Baguette,,2025-09-01T13:02:08.472979+00:00
1.58ct Natural Pink Sapphire Pair,"Rs 274,300.00",274300.0,LKR,Natural Pink Sapphire,1.58,LC,7 × 5 mm,Pink,Pear,,2025-09-01T13:02:16.083225+00:00
6.66ct Natural Pink Sapphire,"Rs 267,600.00",267600.0,LKR,Natural Pink Sapphire,6.66,EC,4.0mm,Vivid Pink,Trillion,,2025-09-01T13:02:24.398281+00:00
1.21ct Natural Unheated Pink Sapphire,"Rs 468,300.00",468300.0,LKR,Natural Pink Sapphire,1.21,EC,5.5mm,Vivid Pink,Round,Unheated,2025-09-01T13:02:32.168010+00:00
1.05ct Natural Unheated Pink Sapphire,"Rs 281,000.00",281000.0,LKR,Natural Unheated Pink Sapphire,1.05,EC,5.2mm,Vivid Pink,Round,Unheated,2025-09-01T13:02:39.657177+00:00
1.28ct Natural Unheated Pink Sapphire pair,"Rs 267,600.00",267600.0,LKR,Natural Pink Sapphire,1.28,EC,5mm,Hot Pink,Round,Unheated,2025-09-01T13:02:47.844884+00:00
1.70ct Natural Pink Sapphire,"Rs 390,200.00",390200.0,LKR,Natural Pink Sapphire,1.70,EC,9. 2x6.6x4.1mm,Hot Pink,Pear,Unheated,2025-09-01T13:02:54.985339+00:00
1.41ct Natural Unheated Ruby,"Rs 702,400.00",702400.0,LKR,Natural Unheated Ruby,1.41,,7x5.1 mm,Vivid Red,Cushion,Unheated,2025-09-01T13:03:03.255152+00:00
2.65ct Natural Pink Sapphire,"Rs 468,300.00",468300.0,LKR,Natural Pink Sapphire,2.65,,9.8 x6.8 mm,Pink,Cushion,,2025-09-01T13:03:11.455616+00:00
1.45ct Natural Pink Sapphire,"Rs 780,400.00",780400.0,LKR,Natural Pink Sapphire,1.45,LC,,Vivid Pink,Oval,Heated,2025-09-01T13:03:24.457920+00:00
1.05ct Natural Unheated Pink Sapphire,"Rs 245,300.00",245300.0,LKR,Natural Pink Sapphire,1.05,EC,5.0mm,Vivid Pink,Round,Unheated,2025-09-01T13:03:30.444728+00:00
1.22ct Natural Pink Sapphire,"Rs 686,800.00",686800.0,LKR,Natural Pink Sapphire,1.22,EC,,Vivid Pink,Oval,Unheated,2025-09-01T13:03:37.291372+00:00
1.41ct Natural Unheated Ruby,"Rs 702,400.00",702400.0,LKR,Natural Unheated Ruby,1.41,,7x5.1 mm,Vivid Red,Cushion,Unheated,2025-09-01T13:03:44.835988+00:00
3.09ct Natural Blue Sapphire,"Rs 1,214,300.00",1214300.0,LKR,Natural Blue Sapphire,3.09,EC,10.10 x 7.40 x 5.30 mm,Medium Blue,Pear,Heated,2025-09-01T11:46:07.916962+00:00
2.56ct Natural Blue Sapphire,"Rs 802,100.00",802100.0,LKR,Natural Blue Sapphire,2.56,EC,9.00 x 7.00 mm,Medium Blue,Oval,Heated,2025-09-01T11:46:20.624153+00:00
2.69ct Natural Blue Sapphire,"Rs 1,893,800.00",1893800.0,LKR,Natural Blue Sapphire,2.69,EC,8.1 mm,Medium Blue,Round,Heated,2025-09-01T11:46:27.773042+00:00
2.87ct Natural Blue Sapphire,"Rs 902,400.00",902400.0,LKR,Natural Blue Sapphire,2.87,LC,8.50 x 7.20 x 5.00 mm,Light Blue,Oval,Heated,2025-09-01T11:46:34.916199+00:00
2.64ct Natural Blue Sapphire,"Rs 623,900.00",623900.0,LKR,Natural Blue Sapphire,2.64,EC,8.9 x 7.9mm,Medium Blue,Cushion,Heated,2025-09-01T11:46:41.819614+00:00
2.54ct Natural Blue Sapphire,"Rs 1,002,600.00",1002600.0,LKR,Natural Blue Sapphire,2.54,EC,9.00 x 6.20 x 4.60mm,Cornflower Blue,Oval,Heated,2025-09-01T11:46:48.836634+00:00
1.73ct Natural Blue Sapphire,"Rs 1,615,300.00",1615300.0,LKR,Natural Blue Sapphire,1.73,EC,8.40 x 6.10 x 3.90mm,Cornflower Blue,Oval,Heated,2025-09-01T11:46:56.032301+00:00
2.28ct Natural Blue Sapphire,"Rs 1,440,900.00",1440900.0,LKR,Natural Blue Sapphire,2.28,EC,9.50 x 6.20 x 5.00mm,Royal Blue,Pear,Heated,2025-09-01T11:47:01.225572+00:00
1.66ct Natural Blue Sapphire,"Rs 590,500.00",590500.0,LKR,Natural Blue Sapphire,1.66,LC,7.50 x 6.10mm,Blue,Cushion,Heated,2025-09-01T11:47:09.028225+00:00
2.19ct Natural Unheated Blue Sapphire,"Rs 1,038,300.00",1038300.0,LKR,Natural Unheated Blue Sapphire,2.19,EC,8.20 x 7.90 x 4.50mm,Royal Blue,Pear,Unheated,2025-09-01T11:47:15.268376+00:00
5.08ct Natural Blue Sapphire,"Rs 2,227,800.00",2227800.0,LKR,Natural Blue Sapphire,5.08,LC,13.8 x 8.01 x 4.9mm,Dark Blue,Fancy,Heated,2025-09-01T11:47:23.011401+00:00
1.61ct Natural Unheated Blue Sapphire,"Rs 857,800.00",857800.0,LKR,Natural Unheated Blue Sapphire,1.61,LC,6.9 x 5.7 x 4.8mm,Blue,Cushion,Unheated,2025-09-01T11:47:30.684757+00:00
2.18ct Natural Unheated Blue Sapphire,"Rs 746,400.00",746400.0,LKR,Natural Unheated Blue Sapphire,2.18,EC,7.5 x 7.3mm,Blue,Cushion,Unheated,2025-09-01T11:47:37.130255+00:00
3.56ct Natural Unheated Blue Sapphire,"Rs 2,227,800.00",2227800.0,LKR,Natural Unheated Blue Sapphire,3.56,EC,8.8 x 8.64 x 4.83mm,Cornflower Blue,Cushion,Unheated,2025-09-01T11:47:43.034140+00:00
1.16ct Natural Blue Sapphire,"Rs 584,900.00",584900.0,LKR,Natural Blue Sapphire,1.16,LC,8.41 x 5.47 x 3.2mm,Royal Blue,Pear,Heated,2025-09-01T11:47:48.821880+00:00
1.01ct Natural Unheated Blue Sapphire,"Rs 768,700.00",768700.0,LKR,Natural Unheated Blue Sapphire,1.01,EC,6.2mm,Royal Blue,Round,Unheated,2025-09-01T11:47:55.019257+00:00
1.08ct Natural Unheated Blue Sapphire,"Rs 501,300.00",501300.0,LKR,Natural Unheated Blue Sapphire,1.08,EC,7.8 x 5.36 x 3.23mm,Royal Blue,Oval,Unheated,2025-09-01T11:48:03.446310+00:00
1.36ct Natural Unheated Blue Sapphire,"Rs 935,800.00",935800.0,LKR,Natural Unheated Blue Sapphire,1.36,EC,8.2 x 6mm,Cornflower Blue,Oval,Unheated,2025-09-01T11:48:10.507058+00:00
2.14ct Natural Unheated Blue Sapphire,"Rs 1,303,400.00",1303400.0,LKR,Natural Unheated Blue Sapphire,2.14,EC,9 x 6.7 x 3.7mm,Cornflower Blue,Oval,Unheated,2025-09-01T11:48:17.641243+00:00
1.61ct Natural Unheated Blue Sapphire,"Rs 980,300.00",980300.0,LKR,Natural Unheated Blue Sapphire,1.61,LC,8.7 x 5.9 x 3.5mm,Cornflower Blue,Oval,Unheated,2025-09-01T11:48:24.991751+00:00
1.71ct Natural Unheated Blue Sapphire,"Rs 779,800.00",779800.0,LKR,Natural Unheated Blue Sapphire,1.71,EC,7.9 x 6.4 x 4.5mm,Blue,Oval,Unheated,2025-09-01T11:48:32.196806+00:00
2.04ct Natural Unheated Blue Sapphire,"Rs 1,013,800.00",1013800.0,LKR,Natural Unheated Blue Sapphire,2.04,EC,8.7 x 7 x 3.7mm,Cornflower Blue,Oval,Unheated,2025-09-01T11:48:38.390925+00:00
1.96ct Natural Unheated Blue Sapphire,"Rs 1,348,000.00",1348000.0,LKR,Natural Unheated Blue Sapphire,1.96,EC,6.5 mm,Cornflower Blue,Round,Unheated,2025-09-01T11:48:44.178990+00:00
2.23ct Natural Unheated Blue Sapphire,"Rs 1,492,800.00",1492800.0,LKR,Natural Unheated Blue Sapphire,2.23,EC,6.8 mm,Cornflower Blue,Round,Unheated,2025-09-01T11:48:52.069380+00:00
2.23ct Natural Unheated Blue Sapphire,"Rs 857,800.00",857800.0,LKR,Natural Unheated Blue Sapphire,2.23,EC,9.07 x 7.08 x 4.08 mm,Cornflower Blue,Oval,Unheated,2025-09-01T11:49:08.586093+00:00
2.37ct Natural Unheated Blue Sapphire,"Rs 813,200.00",813200.0,LKR,Natural Unheated Blue Sapphire,2.37,EC,8.99 x 6.37 x 4.54 mm,Medium Blue,Oval,Unheated,2025-09-01T11:49:14.093021+00:00
2.57ct Natural Unheated Blue Sapphire,"Rs 1,180,900.00",1180900.0,LKR,Natural Unheated Blue Sapphire,2.57,EC,8.7x 6.4 x 4.7 mm,Medium Blue,Oval,Unheated,2025-09-01T11:49:21.100638+00:00
2.66ct Natural Unheated Blue Sapphire,"Rs 1,013,800.00",1013800.0,LKR,Natural Unheated Blue Sapphire,2.66,EC,9.02 x 6.86 x 5.12 mm,Medium Blue,Oval,Unheated,2025-09-01T11:49:29.541789+00:00
2.71ct Natural Unheated Blue Sapphire,"Rs 1,648,700.00",1648700.0,LKR,Natural Unheated Blue Sapphire,2.71,EC,9.5 x 6.8 x4.4 mm,Change Blue To Purple,Oval,Unheated,2025-09-01T11:49:34.920602+00:00
2.75ct Natural Unheated Blue Sapphire,"Rs 1,047,200.00",1047200.0,LKR,Natural Unheated Blue Sapphire,2.75,EC,9.87 x 6.9 x 4.19 mm,Medium Blue,Oval,Unheated,2025-09-01T11:49:41.199008+00:00
3.66ct Natural Unheated Blue Sapphire,"Rs 1,960,600.00",1960600.0,LKR,Natural Unheated Blue Sapphire,3.66,EC,9.81 x 8.21 x 5.45 mm,Cornflower Blue,Oval,Unheated,2025-09-01T11:49:46.729702+00:00
2.48ct Natural Blue Sapphire,"Rs 1,645,800.00",1645800.0,LKR,Natural Blue Sapphire,2.48,LC,8.89 x 6.44 x 4.86 mm,Cornflower Blue,Cushion,Heated,2025-09-01T11:49:53.855916+00:00
1.84ct Natural Blue Sapphire,"Rs 1,017,300.00",1017300.0,LKR,Natural Blue Sapphire,1.84,LC,8.20 x 5.79 x 4.05 mm,Royal Blue,Cushion,Heated,2025-09-01T11:49:59.608357+00:00
4.99ct Natural Blue Sapphire,"Rs 2,227,800.00",2227800.0,LKR,Natural Blue Sapphire,4.99,EC,9.9 x 7.3 x 6.9mm,Royal Blue,Cushion,Heated,2025-09-01T11:50:05.657611+00:00
2.23ct Natural Blue Sapphire,"Rs 1,114,000.00",1114000.0,LKR,Natural Blue Sapphire,2.23,EC,8.9 x 7 x 4.6mm,Royal Blue,Pear,Heated,2025-09-01T11:50:12.206372+00:00
2.08ct Natural Blue Sapphire,"Rs 1,648,700.00",1648700.0,LKR,Natural Blue Sapphire,2.08,LC,8.8 x 6.72 x 3.89mm,Cornflower Blue,Cushion,Heated,2025-09-01T11:50:17.670073+00:00
2.03ct Natural Blue Sapphire,"Rs 1,303,400.00",1303400.0,LKR,Natural Blue Sapphire,2.03,EC,8.22 x 5.22 x 4.7mm,Cornflower Blue,Cushion,Heated,2025-09-01T11:50:23.278627+00:00
2.07ct Natural Blue Sapphire,"Rs 817,500.00",817500.0,LKR,Natural Blue Sapphire,2.07,EC,8.5 x 6.4 x 3.6mm,Royal Blue,Cushion,Heated,2025-09-01T11:50:30.127539+00:00
2.14ct Natural Blue Sapphire,"Rs 1,014,200.00",1014200.0,LKR,Natural Blue Sapphire,2.14,EC,8.2 x 6.01 x 4.92mm,Cornflower Blue,Cushion,Heated,2025-09-01T11:50:36.023812+00:00
2.80ct Natural Blue Sapphire,"Rs 2,127,700.00",2127700.0,LKR,Natural Blue Sapphire,2.8,LC,9.18 x 6.6 x 5.19mm,Cornflower Blue,Cushion,Heated,2025-09-01T11:50:42.687022+00:00
1.09ct Natural Unheated Blue Sapphire,"Rs 423,400.00",423400.0,LKR,Natural Unheated Blue Sapphire,1.09,EC,7.15 x 5.02 x 3.6mm,Cornflower Blue,Step Cut,Unheated,2025-09-01T11:50:50.582826+00:00
3.22ct Natural Blue Sapphire,"Rs 245,100.00",245100.0,LKR,Natural Blue Sapphire,3.22,EC,9.7 x 6.5 x 4.7mm,Medium Blue,Cabochon,Heated,2025-09-01T11:50:57.961843+00:00
1.02ct Natural Blue Sapphire,"Rs 389,900.00",389900.0,LKR,Natural Blue Sapphire,1.02,EC,6.32 x 5.13 x 3.58 mm,Cornflower Blue,Oval,Heated,2025-09-01T11:51:04.787677+00:00
0.97ct Natural Blue Sapphire,"Rs 267,400.00",267400.0,LKR,Natural Blue Sapphire,0.97,EC,6.5 x 5.2 mm,Royal Blue,Oval,Heated,2025-09-01T11:51:11.891012+00:00
0.95ct Natural Blue Sapphire,"Rs 367,700.00",367700.0,LKR,Natural Blue Sapphire,0.95,LC,7.1 x 5.9 mm,Royal Blue,Oval,Heated,2025-09-01T11:51:19.290333+00:00
1.04ct Natural Blue Sapphire,"Rs 245,100.00",245100.0,LKR,Natural Blue Sapphire,1.04,EC,6.4 x 5.3 mm,Royal Blue,Oval,Heated,2025-09-01T11:51:27.303860+00:00
1.09ct Natural Blue Sapphire,"Rs 289,700.00",289700.0,LKR,Natural Blue Sapphire,1.09,EC,6.8x 5 x 3.6 mm,Blue,Oval,Heated,2025-09-01T11:51:33.749030+00:00
1.14ct Natural Blue Sapphire,"Rs 434,500.00",434500.0,LKR,Natural Blue Sapphire,1.14,EC,7.6 x 5 x 3.2 mm,Royal Blue,Oval,Heated,2025-09-01T11:51:41.929657+00:00
1.20ct Natural Blue Sapphire,"Rs 646,200.00",646200.0,LKR,Natural Blue Sapphire,1.2,EC,7.5 x 6 mm,Cornflower Blue,Oval,Heated,2025-09-01T11:51:54.600545+00:00
1.21ct Natural Blue Sapphire,"Rs 467,900.00",467900.0,LKR,Natural Blue Sapphire,1.21,EC,7.2 x 5.7 x 3.67 mm,Cornflower Blue,Oval,Heated,2025-09-01T11:52:01.062475+00:00
1.23ct Natural Blue Sapphire,"Rs 467,900.00",467900.0,LKR,Natural Blue Sapphire,1.23,EC,7 x 5.5 x 3.5 mm,Cornflower Blue,Oval,Heated,2025-09-01T11:52:06.570560+00:00
1.23ct Natural Blue Sapphire,"Rs 423,400.00",423400.0,LKR,Natural Blue Sapphire,1.23,EC,7.5 x 6.5 mm,Royal Blue,Oval,Heated,2025-09-01T11:52:11.979124+00:00
1.25ct Natural Blue Sapphire,"Rs 479,100.00",479100.0,LKR,Natural Blue Sapphire,1.25,EC,7 x 5.2 mm,Cornflower Blue,Oval,Heated,2025-09-01T11:52:18.020824+00:00
1.34ct Natural Blue Sapphire,"Rs 467,900.00",467900.0,LKR,Natural Blue Sapphire,1.34,EC,6.8 x 5.6 x 3.9mm,Cornflower Blue,Oval,Heated,2025-09-01T11:52:25.406400+00:00
1.34ct Natural Blue Sapphire,"Rs 512,500.00",512500.0,LKR,Natural Blue Sapphire,1.34,EC,7 x 6mm,Royal Blue,Oval,Heated,2025-09-01T11:52:31.308078+00:00
1.50ct Natural Blue Sapphire,"Rs 401,100.00",401100.0,LKR,Natural Blue Sapphire,1.5,EC,8.6 x 5.4 mm,Cornflower Blue,Oval,Heated,2025-09-01T11:52:37.899895+00:00
1.58ct Natural Blue Sapphire,"Rs 490,200.00",490200.0,LKR,Natural Blue Sapphire,1.58,LC,7.6 x 5.6 mm,Cornflower Blue,Oval,Heated,2025-09-01T11:52:45.613243+00:00
1.65ct Natural Blue Sapphire,"Rs 323,100.00",323100.0,LKR,Natural Blue Sapphire,1.65,LC,7.5 x 6.5 x 4mm,Dark Blue,Oval,Heated,2025-09-01T11:52:52.031565+00:00
1.69ct Natural Blue Sapphire,"Rs 1,927,200.00",1927200.0,LKR,Natural Blue Sapphire,1.69,EC,9 x 7 mm,Royal Blue,Oval,Heated,2025-09-01T11:52:58.788859+00:00
1.95ct Natural Blue Sapphire,"Rs 1,114,000.00",1114000.0,LKR,Natural Blue Sapphire,1.95,EC,7.5 x 5.6 x 4.8 mm,Royal Blue,Oval,Heated,2025-09-01T11:53:05.779858+00:00
2.01ct Natural Blue Sapphire,"Rs 802,100.00",802100.0,LKR,Natural Blue Sapphire,2.01,EC,9 x 6.4 x 4.1 mm,Blue,Oval,Heated,2025-09-01T11:53:13.380898+00:00
1.99ct Natural Blue Sapphire,"Rs 1,214,300.00",1214300.0,LKR,Natural Blue Sapphire,1.99,EC,8.41 x 6.6 x 3.99 mm,Royal Blue,Oval,Heated,2025-09-01T11:53:19.833933+00:00
2.05ct Natural Blue Sapphire,"Rs 1,247,700.00",1247700.0,LKR,Natural Blue Sapphire,2.05,EC,7 x 7.6 x 4.6 mm,Royal Blue,Oval,Heated,2025-09-01T11:53:25.783024+00:00
2.15ct Natural Blue Sapphire,"Rs 1,392,500.00",1392500.0,LKR,Natural Blue Sapphire,2.15,EC,8.6 x 6.6 x 4.4 mm,Cornflower Blue,Oval,Heated,2025-09-01T11:53:33.541768+00:00
2.16ct Natural Blue Sapphire,"Rs 991,500.00",991500.0,LKR,Natural Blue Sapphire,2.16,EC,9 x 7 mm,Royal Blue,Oval,Heated,2025-09-01T11:53:40.166136+00:00
2.28ct Natural Blue Sapphire,"Rs 1,225,400.00",1225400.0,LKR,Natural Blue Sapphire,2.28,EC,7.8 x 6.61 x 5.04 mm,Cornflower Blue,Oval,Heated,2025-09-01T11:53:46.222095+00:00
2.25ct Natural Blue Sapphire,"Rs 1,715,600.00",1715600.0,LKR,Natural Blue Sapphire,2.25,EC,8.8 x 6.8 x 3.7 mm,Royal Blue,Oval,Heated,2025-09-01T11:53:52.407592+00:00
2.22ct Natural Blue Sapphire,"Rs 1,024,900.00",1024900.0,LKR,Natural Blue Sapphire,2.22,LC,7.9 x 7.16 x 4.67 mm,Cornflower Blue,Oval,Heated,2025-09-01T11:53:57.877724+00:00
2.34ct Natural Blue Sapphire,"Rs 891,200.00",891200.0,LKR,Natural Blue Sapphire,2.34,LC,8.85 x 6.8 x 4.6 mm,Medium Blue,Oval,Heated,2025-09-01T11:54:03.772037+00:00
2.60ct Natural Blue Sapphire,"Rs 1,581,900.00",1581900.0,LKR,Natural Blue Sapphire,2.6,EC,9.27 x 7.17 x 4.31 mm,Conflour Blue,Oval,Heated,2025-09-01T11:54:10.335264+00:00
3.23ct Natural Blue Sapphire,"Rs 1,470,500.00",1470500.0,LKR,Natural Blue Sapphire,3.23,EC,10 x 7.9 x 4.6mm,Royal Blue,Oval,Heated,2025-09-01T11:54:21.542225+00:00
1.33ct Natural Blue Sapphire,"Rs 813,200.00",813200.0,LKR,Natural Blue Sapphire,1.33,EC,7.5 x 4.4 x 3.2mm,Royal Blue,Baguette,Heated,2025-09-01T11:54:27.438004+00:00
1.48ct Natural Blue Sapphire,"Rs 902,400.00",902400.0,LKR,Natural Blue Sapphire,1.48,EC,8.2 x 4.4 x 3.8mm,Cornflower Blue,Baguette,Heated,2025-09-01T11:54:42.996863+00:00
1.51ct Natural Blue Sapphire,"Rs 523,600.00",523600.0,LKR,Natural Blue Sapphire,1.51,EC,9.5 x 4.9 x 3.9mm,Royal Blue,Marquise,Heated,2025-09-01T11:54:49.621655+00:00
1.70ct Natural Blue Sapphire,"Rs 1,559,600.00",1559600.0,LKR,Natural Blue Sapphire.,1.7,EC,7mm,Royal Blue,Princess,Heated,2025-09-01T11:54:55.770980+00:00
4.14ct Natural Blue Sapphire,"Rs 1,581,900.00",1581900.0,LKR,Natural Blue Sapphire.,4.14,EC,9.5 x 6.1 x 8mm,Royal Blue,Hexagon,Heated,2025-09-01T11:55:01.336565+00:00
2.57ct Natural Blue Sapphire,"Rs 1,827,000.00",1827000.0,LKR,Natural Blue Sapphire.,2.57,EC,7.5 x 6.9 x 4.4mm,Royal Blue,Pear,Heated,2025-09-01T11:55:09.533726+00:00
1.77ct Natural Blue Sapphire,"Rs 612,700.00",612700.0,LKR,Natural Blue Sapphire.,1.77,EC,7.5 x 6.9 x 4.4mm,Royal Blue,Trillion,Heated,2025-09-01T11:55:16.745544+00:00
1.53ct Natural Blue Sapphire,"Rs 824,400.00",824400.0,LKR,Natural Blue Sapphire.,1.53,EC,7.5mm,Royal Blue,Trillion,Heated,2025-09-01T11:55:24.465018+00:00
1.44ct Natural Blue Sapphire,"Rs 501,300.00",501300.0,LKR,Natural Blue Sapphire.,1.44,EC,7.32 x 6.59 x 3.62mm,Cornflower Blue,Heart,Heated,2025-09-01T11:55:31.370622+00:00
1.68ct Natural Blue Sapphire,"Rs 289,700.00",289700.0,LKR,Natural Blue Sapphire.,1.68,EC,7 x 8.5 mm,Blue,Heart,Heated,2025-09-01T11:55:38.198309+00:00
1.19ct Natural Blue Sapphire,"Rs 412,200.00",412200.0,LKR,Natural Blue Sapphire.,1.19,EC,6.35 x 5.92 x 3.67 mm,Cornflower Blue,Heart,Heated,2025-09-01T11:55:43.410468+00:00
1.40ct Natural Blue Sapphire,"Rs 557,000.00",557000.0,LKR,Natural Blue Sapphire.,1.4,EC,7 x 6mm,Royal Blue,Heart,Heated,2025-09-01T11:55:51.111558+00:00
1.80ct Natural Blue Sapphire,"Rs 690,700.00",690700.0,LKR,Natural Blue Sapphire.,1.8,EC,8.4 x 7.5 x 3.8 mm,Royal Blue,Heart,Heated,2025-09-01T11:55:59.514816+00:00
2.12ct Natural Blue Sapphire,"Rs 1,459,300.00",1459300.0,LKR,Natural Blue Sapphire.,2.12,EC,8.86 x 6.55 x 4.68 mm,Royal Blue,Heart,Heated,2025-09-01T11:56:06.803741+00:00
2.54ct Natural Blue Sapphire,"Rs 1,169,700.00",1169700.0,LKR,Natural Blue Sapphire.,2.54,EC,9.4 x 7.2 x 4.8 mm,Royal Blue,Heart,Heated,2025-09-01T11:56:12.520252+00:00
2.03ct Natural Blue Sapphire,"Rs 779,800.00",779800.0,LKR,Natural Blue Sapphire.,2.03,EC,9.2 x 7 x 4.5 mm,Royal Blue,Heart,Heated,2025-09-01T11:56:18.215663+00:00
1.02ct Natural Blue Sapphire,"Rs 389,900.00",389900.0,LKR,Natural Blue Sapphire.,1.02,EC,5.5 mm,Royal Blue,Round,Heated,2025-09-01T11:56:24.904670+00:00
0.82ct Natural Blue Sapphire,"Rs 534,800.00",534800.0,LKR,Natural Blue Sapphire.,0.82,EC,5.8 mm,Royal Blue,Round,Heated,2025-09-01T11:56:32.674267+00:00
1.09ct Natural Blue Sapphire,"Rs 374,300.00",374300.0,LKR,Natural Blue Sapphire,1.09,EC,,Vivid Royal Blue,Round,Heated,2025-09-01T11:56:38.871410+00:00
0.90ct Natural Blue Sapphire,"Rs 343,200.00",343200.0,LKR,Natural Blue Sapphire,0.9,LC,5.8 mm,Vivid Royal Blue,Round,Heated,2025-09-01T11:56:45.884596+00:00
1.04ct Natural Blue Sapphire,"Rs 356,500.00",356500.0,LKR,Natural Blue Sapphire,1.04,EC,5.6 mm,Royal Blue,Round,Heated,2025-09-01T11:56:52.826277+00:00
1.17ct Natural Blue Sapphire,"Rs 623,900.00",623900.0,LKR,Natural Blue Sapphire.,1.17,EC,5.7 mm,Royal Blue,Round,Heated,2025-09-01T11:57:00.851332+00:00
1.74ct Natural Blue Sapphire,"Rs 1,126,300.00",1126300.0,LKR,Natural Blue Sapphire.,1.74,EC,7 mm,Royal Blue,Round,Heated,2025-09-01T11:57:08.361022+00:00
1.50ct Natural Blue Sapphire,"Rs 1,713,300.00",1713300.0,LKR,Natural Blue Sapphire.,1.5,EC,6.8x6.8x4.5 mm,Cornflower,Round,Heated,2025-09-01T11:57:16.331625+00:00
0.69ct Natural Blue Sapphire,"Rs 207,200.00",207200.0,LKR,Natural Blue Sapphire,0.69,EC,,Blue,Brilliant,Heated,2025-09-01T11:57:22.244394+00:00
1.43ct Natural Royal Blue Sapphire,"Rs 334,200.00",334200.0,LKR,Natural Blue Sapphire,1.43,EC,,Royal Blue,Trillion,Heated,2025-09-01T11:57:41.712994+00:00
1.25ct Natural Royal Blue Sapphire,"Rs 317,500.00",317500.0,LKR,Natural Blue Sapphire,1.25,EC,,Royal Blue,Pear,Heated,2025-09-01T11:57:50.088162+00:00
1.39ct Natural Cournflower Blue Sapphire,"Rs 549,200.00",549200.0,LKR,Natural Blue Sapphire,1.39,LC,,Cornflower Blue,Pear,Heated,2025-09-01T11:57:55.900324+00:00
4.23ct Natural Unheated Blue Sapphire,"Rs 1,410,300.00",1410300.0,LKR,Unheated Blue Sapphire,4.23,,11.3x8.8x4.4 mm,Blue,Brilliant,Unheated,2025-09-01T11:58:02.490364+00:00
4.22ct Natural Unheated  Blue Sapphire,"Rs 1,410,300.00",1410300.0,LKR,Unheated Blue Sapphire,4.22,,8.4x4x8.4x7.2mm,Greenish Blue,Brilliant,Unheated,2025-09-01T11:58:08.227725+00:00
11.40ct  Blue Sapphire Layout,"Rs 2,183,400.00",2183400.0,LKR,Blue Sapphire,11.4,,6x4 mm,Cornflower,Oval,,2025-09-01T11:58:15.013042+00:00
2.39ct Natural Unheated Blue Sapphire,"Rs 1,597,500.00",1597500.0,LKR,Unheated Blue Sapphire,2.39,,8.0 x 7.1 x 4.0mm,Cornflower,Cushion,Unheated,2025-09-01T11:58:23.111314+00:00
4.11ct Natural Blue Sapphire Pair,"Rs 1,602,400.00",1602400.0,LKR,Natural Blue Sapphire,4.11,EC,,Cornflower Blue,Oval,Heated,2025-09-01T11:58:29.327727+00:00
1.60ct Natural Unheated  Blue Sapphire,"Rs 884,500.00",884500.0,LKR,Unheated Blue Sapphire,1.6,,8 x 5.8 x 3.8mm,Cornflower,Oval,Unheated,2025-09-01T11:58:35.250515+00:00
2.62ct Natural Unheated Blue Sapphire,"Rs 1,751,200.00",1751200.0,LKR,Unheated Blue Sapphire,2.62,,8.0x7.1x4.5mm,Cornflower,Cushion,Unheated,2025-09-01T11:58:43.725394+00:00
2.36ct Natural Blue Sapphire,"Rs 1,577,400.00",1577400.0,LKR,Natural Blue Sapphire,2.36,,8.38x6.53x4.62mm,Cornflower,Oval,,2025-09-01T11:58:51.474122+00:00
1.15ct Natural Unheated Blue Sapphire,"Rs 267,400.00",267400.0,LKR,Natural Unheated Blue Sapphire,1.15,LC,7 x 5mm,Medium Blue,Pear,Unheated,2025-09-01T11:58:59.057891+00:00
2.82ct Natural Blue Sapphire,"Rs 156,000.00",156000.0,LKR,Natural Blue Sapphire,2.82,,7 x 5mm,Cornflower,Briolette,,2025-09-01T11:59:06.836916+00:00
1.32ct Natural Blue Sapphire,"Rs 294,100.00",294100.0,LKR,Natural Blue Sapphire,1.32,,7.30x6.06x3.21 mm,Cornflower,Oval,,2025-09-01T11:59:12.693140+00:00
1.12ct Natural Blue Sapphire,"Rs 443,400.00",443400.0,LKR,Natural Unheated Blue Sapphire,1.12,,5.11x7.86x3.79 mm,Royal Blue,Pear,,2025-09-01T11:59:20.239542+00:00
0.99ct Natural Blue Sapphire.,"Rs 300,800.00",300800.0,LKR,Natural Blue Sapphire,0.99,,7.5x6x2.65 mm,Vivid Royal Blue,Pear,,2025-09-01T11:59:28.400390+00:00
2.07ct Natural Blue Sapphire.,"Rs 748,600.00",748600.0,LKR,Natural Blue Sapphire,2.07,,7.6x6.42x4.79 mm,Royal Blue,Oval,,2025-09-01T11:59:35.658601+00:00
1.32ct Natural Blue Sapphire,"Rs 367,700.00",367700.0,LKR,Natural Blue Sapphire,1.32,,5.87x9.28x3.29 mm,Royal Blue,Pear,,2025-09-01T11:59:41.275616+00:00
1.02ct Natural Blue Sapphire,"Rs 402,900.00",402900.0,LKR,Natural Blue Sapphire,1.02,,7.65x5.60x3.23 mm,Corn Flower Blue,Pear,,2025-09-01T11:59:48.408174+00:00
2.13ct Natural Blue Sapphire,"Rs 713,000.00",713000.0,LKR,Natural Blue Sapphire,2.13,,8.71x6.53x4.07mm,Cornflower Blue,Oval,,2025-09-01T11:59:56.664133+00:00
1.78ct Natural Blue Sapphire,"Rs 445,600.00",445600.0,LKR,Natural Blue Sapphire,1.78,EC,7.87x6.95x4.42 mm,Royal Blue,Trillion,,2025-09-01T12:00:04.993373+00:00
2.79ct Natural Blue Sapphire,"Rs 330,200.00",330200.0,LKR,Natural Blue Sapphire,2.79,EC,10.5x7.1x4 mm,Corn Flower,Cabochon,,2025-09-01T12:00:11.893147+00:00
1.29ct Natural Unheated Blue Sapphire,"Rs 178,300.00",178300.0,LKR,Natural Blue Sapphire,1.29,EC,,Royal Blue,Cushion,Unheated,2025-09-01T12:00:17.712468+00:00
22.89ct 3mm up  Princess Natural Blue Sapphire,"Rs 969,200.00",969200.0,LKR,Natural Blue Sapphire,22.89,EC,3mm,Corn Flower,Rectangle,,2025-09-01T12:00:24.718900+00:00
2.02ct Natural Blue Sapphire,"Rs 877,900.00",877900.0,LKR,Natural Blue Sapphire,,EC,6.3× 6.3 × 5.3 mm,Blue,Cushion,,2025-09-01T12:00:40.369251+00:00
1.81ct Blue Sapphire - 2 Pcs,"Rs 453,400.00",453400.0,LKR,Natural Blue Sapphire,1.81,,,Blue,Pear,,2025-09-01T12:00:47.705287+00:00
14.45ct Natural Blue Sapphire Lot,"Rs 207,200.00",207200.0,LKR,Natural Blue Sapphire Lot,14.45,,2.1 mm,Medium Blue,Round,,2025-09-01T12:00:55.876943+00:00
1.28ct Natural Blue Sapphire,"Rs 222,800.00",222800.0,LKR,Natural Blue Sapphire,1.28,,6.4 × 5.8 × 3.9 mm,Cornflower Blue,Cushion,,2025-09-01T12:01:01.936850+00:00
4.50ct Natural Blue Sapphire,"Rs 2,227,800.00",2227800.0,LKR,Natural Blue Sapphire,4.5,,7.4 ×6.5 mm,Corn Flower,Cushion,,2025-09-01T12:01:11.155651+00:00
2.30ct Natural  Blue Sapphire,"Rs 2,272,500.00",2272500.0,LKR,Natural Blue Sapphire,2.3,EC,7.5 × 7.3 × 4 mm,Royal Blue,Cushion,,2025-09-01T12:01:17.508275+00:00
1.64ct Natural  Blue Sapphire,"Rs 835,500.00",835500.0,LKR,Natural Blue Sapphire,1.64,EC,5.5 mm,Royal Blue,Round,,2025-09-01T12:01:25.550734+00:00
1.50ct Natural  Blue Sapphire,"Rs 512,500.00",512500.0,LKR,Natural Blue Sapphire,1.5,EC,5.4 mm,Royal Blue,Round,,2025-09-01T12:01:31.910811+00:00
1.12ct Pear Natural Blue Sapphire,"Rs 434,500.00",434500.0,LKR,Natural blue sapphire,1.12,EC,7.5 x 5.5 mm,Royal Blue,Pear,,2025-09-01T12:01:37.627084+00:00
1.13ct Pear Natural blue sapphire,"Rs 289,700.00",289700.0,LKR,Natural blue sapphire,1.13,EC,7.39 x 5.79 x 3.20 mm,Corn Flower,Pear,,2025-09-01T12:01:44.237993+00:00
4.39ct Natural Blue Sapphire Pair,"Rs 2,227,800.00",2227800.0,LKR,Natural Blue Sapphire,4.39,EC,,Cornflower Blue,Oval,,2025-09-01T12:01:50.387998+00:00
49.25ct Natural  Blue Sapphire 7x5mm oval & Pear shape,"Rs 1,997,100.00",1997100.0,LKR,Natural Blue Sapphire,49.25,EC,7x5mm,Cornflower Blue,Oval,,2025-09-01T12:01:59.309383+00:00
2.18ct Natural  Blue Sapphire,"Rs 2,227,800.00",2227800.0,LKR,Natural Blue Sapphire,2.18,EC,8.8x7.05x4.9mm,Cornflower Blue,Pear,,2025-09-01T12:02:07.392426+00:00
1.71ct Natural Blue Sapphire,"Rs 490,200.00",490200.0,LKR,Natural Blue Sapphire,1.71,EC,6.30mm,Royal Blue,Round,,2025-09-01T12:02:14.591201+00:00
2.37ct Natural Blue Sapphire,"Rs 1,971,800.00",1971800.0,LKR,Natural Blue Sapphire,2.37,EC,,Cornflower Blue,Pear,,2025-09-01T12:02:20.250070+00:00
22.24ct Natural Blue Sapphire 4x3 Oval One lot,"Rs 334,200.00",334200.0,LKR,Natural Blue Sapphire,22.24,EC,4x3mm,Light Blue,Oval,,2025-09-01T12:02:26.858923+00:00
22.80ct Natural Blue Sapphire,"Rs 534,800.00",534800.0,LKR,Natural Blue Sapphire,15.06,EC,4x3mm,Medium Blue,Oval,,2025-09-01T12:02:34.127945+00:00
2.57ct Natural Blue Sapphire,"Rs 735,300.00",735300.0,LKR,Natural Blue Sapphire,2.57,EC,,Medium Blue,Princess,,2025-09-01T12:02:41.530336+00:00
2.69ct Natural Blue Sapphire Pair,"Rs 1,804,700.00",1804700.0,LKR,Natural Blue Sapphire,2.69,EC,,Medium Blue,Oval,Unheated,2025-09-01T12:02:49.744214+00:00
1.73ct Natural Unheated Blue Sapphire,"Rs 534,800.00",534800.0,LKR,Natural Unheated Blue Sapphire,1.73,LC,6.9 x 5.7 x 4.8mm,Blue,Cushion,Unheated,2025-09-01T12:02:57.784653+00:00
3.86ct Natural Unheated Blue Sapphire,"Rs 860,000.00",860000.0,LKR,Unheated Blue Sapphire,3.86,,9.5 x 8.5 x 5.3mm,Cornflower,Cushion,Unheated,2025-09-01T12:03:04.112399+00:00
2.11ct Natural Blue Sapphire,"Rs 1,292,300.00",1292300.0,LKR,Natural Blue Sapphire,2.11,,8.5x7.5x3.9mm,Cornflower,Oval,,2025-09-01T12:03:09.791470+00:00
1.92ct Natural Unheated Blue Sapphire Pair,"Rs 374,300.00",374300.0,LKR,Natural Unheated Blue Sapphire,1.92,,5.8 mm,Cornflower,Cushion,Unheated,2025-09-01T12:03:17.653661+00:00
2.10ct Natural Blue Sapphire,"Rs 525,800.00",525800.0,LKR,Natural Blue Sapphire,2.1,,10.6 x7.2 x3.8 mm,Cornflower Blue,Pear,,2025-09-01T12:03:23.903988+00:00
2.20ct Natural Blue Sapphire,"Rs 1,047,200.00",1047200.0,LKR,Natural Blue Sapphire,2.2,,8.66x6.4x4.28 mm,Corn Flower,Oval,,2025-09-01T12:03:42.448452+00:00
1.92ct Natural Blue Sapphire,"Rs 962,500.00",962500.0,LKR,Natural Blue Sapphire,1.92,,7.13x6.18x4.83 mm,Royal Blue,Oval,,2025-09-01T12:03:49.102579+00:00
1.34ct Natural Unheated Blue Sapphire,"Rs 222,800.00",222800.0,LKR,Natural Unheated Blue Sapphire,1.34,,8x6 mm,Purple,Oval,Unheated,2025-09-01T12:03:54.571189+00:00
2.15ct Natural Blue Sapphire,"Rs 412,200.00",412200.0,LKR,Natural Natural Blue Sapphire,2.15,,8.6x6.6x4.4 mm,Cornflower Blue,Oval,,2025-09-01T12:04:00.007475+00:00
3.69ct Natural Unheated Fancy Sapphire,"Rs 690,700.00",690700.0,LKR,Natural Unheated Fancy Sapphire,3.69,,8.5x8.1x5 mm,Fancy,Cushion,Unheated,2025-09-01T12:04:07.192511+00:00
0.85ct Natural Unheated Sapphire,"Rs 267,400.00",267400.0,LKR,Natural Blue Sapphire,0.85,EC,6x4.5x3.5mm,Royal Blue,Oval,Unheated,2025-09-01T12:04:12.640554+00:00
2.55ct Natural Unheated Blue Sapphire,"Rs 599,400.00",599400.0,LKR,Natural Blue Sapphire,2.55,EC,9.0x6.8x4.9mm,Cornflower,Oval,Unheated,2025-09-01T12:04:20.339759+00:00
4.16ct Natural Blue Sapphire,"Rs 523,600.00",523600.0,LKR,Natural Blue Sapphire,4.16,EC,9.3x6.3 mm,Vivid Ccornflower,Mixed,,2025-09-01T12:04:27.071341+00:00
2.00ct Natural Unheated Blue Sapphire,"Rs 445,600.00",445600.0,LKR,Natural Unheated Blue Sapphire,2.0,EC,7.3x7.3x3.6 mm,Medium Blue,Cushion,Unheated,2025-09-01T12:04:33.732740+00:00
2.44ct Natural Blue Sapphire,"Rs 746,400.00",746400.0,LKR,Natural Blue Sapphire,2.44,,10.68x6.47x4.74 mm,Cornflower Blue,Pear,,2025-09-01T12:04:39.698756+00:00
2.45ct Natural Blue Sapphire,"Rs 1,024,900.00",1024900.0,LKR,Natural Blue Sapphire,2.45,,11.0x6.7 mm,Cornflower Blue,Pear,,2025-09-01T12:04:47.669025+00:00
5.8mm Round (D) Natural  Blue Sapphire,"Rs 270,700.00",270700.0,LKR,Natural Blue Sapphire,1.08,EC,5.8mm,,Round,,2025-09-01T12:04:58.387365+00:00
3.16ct  Natural  Blue Sapphire,"Rs 1,232,100.00",1232100.0,LKR,Natural Blue Sapphire,3.16,EC,9.9 × 7.5 x 5.2 mm,Cornflower Blue,Pear,,2025-09-01T12:05:03.709592+00:00
2.50ct Natural  Blue Sapphire,"Rs 757,500.00",757500.0,LKR,Natural Blue Sapphire,2.5,EC,6 mm,Royal Blue,Round,,2025-09-01T12:05:11.662380+00:00
2.12ct Natural  Blue Sapphire,"Rs 980,300.00",980300.0,LKR,Natural Blue Sapphire,2.12,EC,7.6X7.0X4.5mm,Cornflower Blue,Cushion,,2025-09-01T12:05:17.914241+00:00
1.50ct Natural Blue Sapphire,"Rs 523,600.00",523600.0,LKR,Natural Blue Sapphire,1.5,EC,6.4x6.1x4.5mm,Cornflower Blue,Cushion,,2025-09-01T12:05:23.379478+00:00
1.38ct Natural Unheated Blue Sapphire Pair,"Rs 142,600.00",142600.0,LKR,Natural Unheated Blue Sapphire,1.38,,5.0mm,Blue,Cushion,Unheated,2025-09-01T12:05:30.358796+00:00
2.69ct Natural Blue Sapphire,"Rs 1,125,200.00",1125200.0,LKR,Natural Blue Sapphire,2.69,,8.82x7.11mm,Cornflower Blue,Oval,,2025-09-01T12:05:38.900105+00:00
2.02ct Natural Blue Sapphire,"Rs 1,169,700.00",1169700.0,LKR,Natural Blue Sapphire,2.02,,8.61x7.0x4.18 mm,Cornflower Blue,Oval,,2025-09-01T12:05:44.511530+00:00
2.05ct Natural Blue Sapphire,"Rs 949,200.00",949200.0,LKR,Natural Blue Sapphire,2.05,LC,9.4 × 5.5 × 4.7 mm,Blue,Pear,,2025-09-01T12:05:51.594461+00:00
1.27ct Pear Natural blue sapphire,"Rs 303,000.00",303000.0,LKR,Natural blue sapphire,1.27,EC,6.7 ×6.3 mm,Royal Blue,Pear,,2025-09-01T12:05:59.557413+00:00
1.76ct Natural  Blue Sapphire,"Rs 1,019,600.00",1019600.0,LKR,Natural Blue Sapphire,1.76,EC,7.3mm,Cornflower Blue,Round,,2025-09-01T12:06:06.001923+00:00
1.96ct Natural Blue Sapphire,"Rs 1,069,500.00",1069500.0,LKR,Natural Blue Sapphire,1.96,EC,7.50mm,Cornflower Blue,Trillion,,2025-09-01T12:06:14.188238+00:00
1.48ct Natural Blue Sapphire,"Rs 769,300.00",769300.0,LKR,Natural Blue Sapphire,1.48,EC,7.0mm,Cornflower Blue,Round,,2025-09-01T12:06:23.343381+00:00
1.64ct 1 Pair of Natural Blue Sapphire,"Rs 189,600.00",189600.0,LKR,Natural Blue Sapphire,1.64,EC,6.0mm,Medium Blue,Round,,2025-09-01T12:06:41.916628+00:00
2.38ct Natural Blue Sapphire,"Rs 635,500.00",635500.0,LKR,Natural Blue Sapphire,2.38,LC,8.2 x 7 x 4mm,Royal Blue,Cushion,Heated,2025-09-01T12:06:49.514914+00:00
2.47ct Natural  Blue Sapphire,"Rs 512,900.00",512900.0,LKR,Natural Blue Sapphire,2.47,EC,9.56 × 7.09 × 3.55 mm,Cornflower Blue,Emerald Cut,,2025-09-01T12:06:55.576121+00:00
1.41ct Natural Yellow Sapphire,"Rs 222,800.00",222800.0,LKR,Natural Yellow Sapphire,1.41,EC,6.8 x 5.7 x 4mm,Yellow,Cushion,Heated,2025-09-01T13:08:28.943892+00:00
3.75ct Natural Yellow Sapphire,"Rs 846,700.00",846700.0,LKR,Natural Yellow Sapphire,3.75,EC,8.3 x 8 x 8mm,Yellow,Cushion,Heated,2025-09-01T13:08:37.560739+00:00
2.11ct Natural Yellow Sapphire,"Rs 245,100.00",245100.0,LKR,Natural Yellow Sapphire,2.11,EC,9.00 x 6.20 x 4.40 mm,Yellow,Oval,Heated,2025-09-01T13:08:46.519220+00:00
1.69ct Natural Yellow Sapphire,"Rs 267,400.00",267400.0,LKR,Natural Yellow Sapphire,1.69,LC,7 x 5.6 x 4.1mm,Yellow,Cushion,Heated,2025-09-01T13:08:54.378458+00:00
1.96ct Natural Yellow Sapphire,"Rs 300,800.00",300800.0,LKR,Natural Yellow Sapphire,1.96,EC,7.1 x 7 x 4.8mm,Yellow,Cushion,Heated,2025-09-01T13:09:02.956503+00:00
2.69ct Natural Yellow Sapphire,"Rs 612,700.00",612700.0,LKR,Natural Yellow Sapphire,2.69,EC,10.27 x 7.21 x 3.61mm,Yellow,Cushion,Heated,2025-09-01T13:09:10.202338+00:00
4.16ct Natural Yellow Sapphire,"Rs 1,024,900.00",1024900.0,LKR,Natural Yellow Sapphire,4.16,EC,10.2 x 8 x 5mm,Yellow,Cushion,Heated,2025-09-01T13:09:18.495730+00:00
4.63ct Natural Orange Sapphire,"Rs 2,227,800.00",2227800.0,LKR,Natural Orange Sapphire,4.63,EC,11.7 x 8.5 x 5.8mm,Yellowish Orange,Oval,Heated,2025-09-01T13:09:28.250765+00:00
2.17ct Natural Yellow Sapphire,"Rs 501,300.00",501300.0,LKR,Natural Yellow Sapphire,2.17,EC,8.7 x 7.2mm,Medium Yellow,Oval,Heated,2025-09-01T13:09:36.896090+00:00
2.64ct Natural Yellow Sapphire,"Rs 601,600.00",601600.0,LKR,Natural Yellow Sapphire,2.64,EC,8.5 x 7.5 x 5.5mm,Orangish Yellow,Oval,Heated,2025-09-01T13:09:49.557094+00:00
7.74ct Natural Yellow Sapphire,"Rs 1,838,100.00",1838100.0,LKR,Natural Yellow Sapphire,7.74,EC,12.3 x 10.4mm,Orangish Yellow,Oval,Heated,2025-09-01T13:09:59.165350+00:00
3.82ct Natural Yellow Sapphire,"Rs 1,091,800.00",1091800.0,LKR,Natural Yellow Sapphire,3.82,EC,10.5X8.00mm,Medium Yellow,Oval,,2025-09-01T13:10:08.707181+00:00
4.59ct Natural Yellow Sapphire,"Rs 1,292,300.00",1292300.0,LKR,Natural Yellow Sapphire,4.59,EC,10.3X9.0X6.0mm,Deep Yellow,Oval,,2025-09-01T13:10:16.088491+00:00
2.27ct Natural Yellow Sapphire,"Rs 441,200.00",441200.0,LKR,Natural Yellow Sapphire,,EC,,Yellow,Radiant,,2025-09-01T13:10:24.678897+00:00
2.67ct Natural Yellow Sapphire,"Rs 623,900.00",623900.0,LKR,Natural Yellow Sapphire,,EC,,Yellow,Oval,,2025-09-01T13:10:32.963383+00:00
51.86ct Triangle Natural Yellow Sapphire,"Rs 1,742,300.00",1742300.0,LKR,Natural Yellow Sapphire,,EC,,Yellow,Mixed,,2025-09-01T13:10:40.066698+00:00
6.65 ct Natural Yellow Sapphire,"Rs 1,733,400.00",1733400.0,LKR,Natural Yellow Sapphire,6.65,,7.8 mm,Yellow,Round,,2025-09-01T13:10:47.274916+00:00
17.43ct Natural Yellow Sapphire,"Rs 2,018,600.00",2018600.0,LKR,Natural Yellow Sapphire,,,5.5 mm,Yellow,Cushion,,2025-09-01T13:10:56.924141+00:00
2.07ct Natural Orange Sapphire,"Rs 418,900.00",418900.0,LKR,Natural Orange Sapphire,2.07,,7.49 × 7.30 × 3.88 mm,Orange,Emerald Cut,,2025-09-01T13:11:03.867186+00:00
4.22ct Natural Yellow Sapphire 3 Pcs,"Rs 488,000.00",488000.0,LKR,Natural Yellow Sapphire 3 Pcs,4.22,EC,,Yellow,Pear,,2025-09-01T13:11:12.651154+00:00
14.89ct Natural Yellow Sapphire,"Rs 2,138,900.00",2138900.0,LKR,Natural Yellow Sapphire 8 Pcs,14.89,EC,,Sunny Yellow,Cushion,,2025-09-01T13:11:20.902246+00:00
2.16ct Natural Unheaetd Yellow Sapphire,"Rs 356,500.00",356500.0,LKR,Natural Unheaed Yellow Sapphire,2.16,LC,,Yellow,Oval,,2025-09-01T13:11:29.273646+00:00
2.21ct Natural Unheated Yellow Sapphire,"Rs 378,800.00",378800.0,LKR,Natural Yellow Sapphire,2.21,LC,,Yellow,Oval,Unheated,2025-09-01T13:11:38.114579+00:00
9.64ct Natural Yellow Sapphire,"Rs 2,116,600.00",2116600.0,LKR,Natural Yellow Sapphire,9.64,EC,,Yellow,Cushion,,2025-09-01T13:11:46.406023+00:00
4.50ct Natural Unheated Yellow Sapphire,"Rs 779,800.00",779800.0,LKR,Natural Yellow Sapphire,4.5,EC,,Yellow,Cushion,Unheated,2025-09-01T13:12:03.043854+00:00
4.81ct Natural Unheated Yellow Sapphire,"Rs 975,900.00",975900.0,LKR,Natural Yellow Sapphire,4.81,EC,,Yellow,Oval,Unheated,2025-09-01T13:12:10.782326+00:00
5.48ct Natural Unheated Yellow Sapphire,"Rs 1,109,600.00",1109600.0,LKR,Natural Yellow Sapphire,5.48,EC,,Yellow,Oval,Unheated,2025-09-01T13:12:18.071267+00:00
2.05ct Natural Round Orange Sapphire,"Rs 467,900.00",467900.0,LKR,Natural Orange Sapphire,2.05,LC,,Orange,Round,,2025-09-01T13:12:26.079742+00:00
6.46ct Natural Unheated Yellow Sapphire,"Rs 1,778,000.00",1778000.0,LKR,Natural Yellow Sapphire,6.46,EC,,Yellow,Cushion,Unheated,2025-09-01T13:12:34.400475+00:00
2.69ct Natural  Yellow Sapphire,"Rs 467,900.00",467900.0,LKR,Natural Yellow Sapphire,2.69,EC,,Yellow,Oval,,2025-09-01T13:12:43.470619+00:00
2.49ct Natural Orange Sapphire,"Rs 490,200.00",490200.0,LKR,Natural Orange Sapphire,2.49,LC,7.8 × 7.9 × 4.6 mm,Orange,Oval,,2025-09-01T13:12:50.381407+00:00
5.26ct Natural Yellow Sapphire,"Rs 1,172,000.00",1172000.0,LKR,Natural Yellow Sapphire,,EC,,Yellow,Oval,,2025-09-01T13:13:00.920771+00:00
3.29ct Natural Yellow Sapphire,"Rs 639,500.00",639500.0,LKR,Natural Yellow Sapphire,,EC,,Yellow,Oval,,2025-09-01T13:13:08.884197+00:00
1.00ct Natural Unheated Teal Sapphire,"Rs 156,100.00",156100.0,LKR,Natural Teal Sapphire,1.0,LC,,Bluish Green,Hexagon,Unheated,2025-09-01T12:42:08.936103+00:00
1.51ct Natural Teal Sapphire-02 Pcs,"Rs 174,000.00",174000.0,LKR,Natural Teal Sapphire,1.51,EC,5 × 4.5 mm,,Cushion,,2025-09-01T12:42:17.657951+00:00
1.79ct Natural Teal Sapphire-02 Pcs,"Rs 207,400.00",207400.0,LKR,Natural Teal Sapphire,1.79,EC,6 × 4.5 mm,,Cushion,,2025-09-01T12:42:25.156254+00:00
1.82ct Natural Teal Sapphire-02 Pcs,"Rs 209,600.00",209600.0,LKR,Natural Teal Sapphire,1.82,EC,5 × 5 mm,,Cushion,,2025-09-01T12:42:32.864492+00:00
1.51ct Natural Teal Sapphire-02 Pcs,"Rs 174,000.00",174000.0,LKR,Natural Teal Sapphire,1.51,EC,5.5 × 4.5 mm,,Cushion,,2025-09-01T12:42:41.597507+00:00
4.14ct Natural Teal Sapphire,"Rs 602,000.00",602000.0,LKR,Natural Teal Sapphire,4.14,EC,,Green Blue,Oval,Heated,2025-09-01T12:42:48.316094+00:00
1.56ct Natural Teal Sapphire,"Rs 133,800.00",133800.0,LKR,Natural Teal Sapphire,1.56,EC,,Green Blue,Oval,Heated,2025-09-01T12:42:58.069293+00:00
1.78ct Natural Teal Sapphire-02 Pcs,"Rs 174,000.00",174000.0,LKR,Natural Teal Sapphire,1.78,EC,5 × 5 mm,,Cushion,,2025-09-01T12:43:07.161170+00:00
1.81ct Natural Teal Sappphire,"Rs 411,400.00",411400.0,LKR,Teal Sapphire,1.81,EC,,Greenish Blue,Oval,Heated,2025-09-01T12:43:16.203357+00:00
2.55ct Natural Teal Sappphire,"Rs 1,159,400.00",1159400.0,LKR,Natural Teal Sapphire,2.55,EC,,Greenish Blue,Oval,Heated,2025-09-01T12:43:24.190356+00:00
4.00ct Natural Emerald,"Rs 1,622,000.00",1622000.0,LKR,Natural Emerald,,EC,10.1 × 8.4 × 6.8 mm,Green,Emerald Cut,,2025-09-01T13:17:16.552063+00:00
1.20ct Natural Emerald,"Rs 339,800.00",339800.0,LKR,Natural Emerald,,EC,,Green,Oval,,2025-09-01T13:17:25.966253+00:00
4.98ct Natural Emerald (3 Pcs Octagon),"Rs 356,500.00",356500.0,LKR,Natural Emerald,,EC,,Green,Emerald Cut,,2025-09-01T13:17:35.571061+00:00
1.22 ct Natural Emerald,"Rs 339,800.00",339800.0,LKR,Natural Emerald,1.22,EC,,Green,Pear,,2025-09-01T13:17:44.889872+00:00
1.55ct Natural Emerald,"Rs 178,300.00",178300.0,LKR,Natural Emerald,1.55,EC,,Green,Emerald Cut,,2025-09-01T13:17:52.097388+00:00
4.75ct Natural Emerald,"Rs 1,927,200.00",1927200.0,LKR,Natural Emerald,4.75,EC,,Green,Emerald Cut,,2025-09-01T13:17:59.489486+00:00
1.45ct Natural Emerald,"Rs 209,500.00",209500.0,LKR,Natural Emerald,1.45,EC,,Green,Emerald Cut,,2025-09-01T13:18:08.445198+00:00
3.37ct Natural Emerald - 02 Pcs,"Rs 579,300.00",579300.0,LKR,Natural Emerald,,EC,,Green,Emerald Cut,,2025-09-01T13:18:18.990050+00:00
3.66ct Natural Emerald - 02 Pcs (Oval/Square),"Rs 423,400.00",423400.0,LKR,Natural Emerald,,EC,,Green,Oval,,2025-09-01T13:18:29.282879+00:00
4.00ct Natural Emerald,"Rs 1,622,000.00",1622000.0,LKR,Natural Emerald,,EC,10.1 × 8.4 × 6.8 mm,Green,Emerald Cut,,2025-09-01T13:18:35.163098+00:00
1.23 ct Natural Emerald,"Rs 189,400.00",189400.0,LKR,Natural Emerald,,EC,,Green,Emerald Cut,,2025-09-01T13:18:45.335927+00:00
4.00ct Natural Unheated Emerald,"Rs 646,200.00",646200.0,LKR,Natural Emerald,4.0,EC,,Green,Pear,Unheated,2025-09-01T13:18:55.504710+00:00
1.73ct Natural Unheated Padparadscha,"Rs 780,400.00",780400.0,LKR,Natural Unheated Padparadscha,1.73,EC,7.7 x 7 3.5 mm,Orange Pinkish,Cushion,Unheated,2025-09-01T12:33:07.188758+00:00
1.92ct Natural Unheated Padparadscha,"Rs 1,449,300.00",1449300.0,LKR,Natural Unheated Padparadscha,1.92,EC,9.1 x 6.9 x 3.31mm,Orange Pinkish,Oval,Unheated,2025-09-01T12:33:13.034556+00:00
6.73ct Natural Unheated Padparadscha,"Rs 2,229,400.00",2229400.0,LKR,Natural Unheated Padparadscha,6.73,EC,12x9.1x6.7mm,Orange Pinkish,Oval,Unheated,2025-09-01T12:33:19.580382+00:00
2.53ct Unheated Padparadscha,"Rs 1,343,200.00",1343200.0,LKR,Unheated Padparadscha,2.53,EC,9.2x7.2x4.06 mm,Orange Pinkish,Oval,Unheated,2025-09-01T12:33:26.367177+00:00
3.12ct Natural Unheated Padparadscha,"Rs 1,906,400.00",1906400.0,LKR,Natural Unheated Padparadscha,3.12,EC,8.4x7.6x5.2mm,Orange Pinkish,Cushion,Unheated,2025-09-01T12:33:33.401066+00:00
1.04ct Natural Unheated Padparadscha,"Rs 289,900.00",289900.0,LKR,Natural Unheated Padparadscha,1.04,EC,7.2x4.9x3.0mm,Orange Pinkish,Oval,Unheated,2025-09-01T12:33:42.389222+00:00
1.11ct Natural Unheated Padparadscha,"Rs 490,600.00",490600.0,LKR,Natural Unheated Padparadscha,1.11,LC,7.5x5.6x3.1mm,Pinkish Orange,Oval,Unheated,2025-09-01T12:33:48.609602+00:00
2.59ct Natural Unheated Padparadscha,"Rs 735,800.00",735800.0,LKR,Natural Unheated Padparadscha,2.59,EC,7.6x7.6x4.6mm,Pinkish Orange,Round,Unheated,2025-09-01T12:33:55.737345+00:00
1.08ct Natural Unheated Padparadscha,"Rs 431,000.00",431000.0,LKR,Natural Unheated Padparadscha,1.08,LC,7.4 x 5.7 x 2.9mm,Pinkish Orange,Oval,Unheated,2025-09-01T12:34:02.647988+00:00
1.26ct Natural Unheated Padparadscha,"Rs 356,800.00",356800.0,LKR,Natural Unheated Padparadscha,1.26,LC,7.9 x 6.1 x 3.3mm,Pinkish Orange,Oval,Unheated,2025-09-01T12:34:11.525129+00:00
1.47ct Natural Unheated Padparadscha,"Rs 418,100.00",418100.0,LKR,Natural Unheated Padparadscha,1.47,LC,6.5 x 6.5 x 4.03mm,Pinkish Orange,Round,Unheated,2025-09-01T12:34:19.013238+00:00
1.08ct Natural Unheated Padparadscha,"Rs 379,100.00",379100.0,LKR,Unheated Padparadscha,1.08,LC,7.4 x 5.5 x 3.6mm,Pinkish Orange,Heart,Unheated,2025-09-01T12:34:26.944809+00:00
1.19ct Natural Unheated Padparadscha,"Rs 330,000.00",330000.0,LKR,Natural Unheated Padparadscha,1.19,LC,6.2 x 6.2 x 3.6mm,Pinkish Orange,Round,Unheated,2025-09-01T12:34:33.504103+00:00
1.28ct Natural Unheated Padparadscha,"Rs 434,800.00",434800.0,LKR,Natural Unheated Padparadscha,1.28,LC,6.25 x 6.17 x 4.7mm,Pinkish Orange,Cushion,Unheated,2025-09-01T12:34:41.804265+00:00
1.35ct Natural Unheated Padparadscha,"Rs 376,900.00",376900.0,LKR,Unheated Padparadscha,1.35,LC,6.25x6.17x4.7mm,Pinkish Orange,Trilliant,Unheated,2025-09-01T12:34:51.077870+00:00
2.14ct Natural Unheated Padparadscha,"Rs 1,438,100.00",1438100.0,LKR,Unheated Padparadscha,2.14,LC,,Pinkish Orange,Oval,Unheated,2025-09-01T12:34:58.868065+00:00
2.02ct Natural Unheated Padparadscha,"Rs 1,126,000.00",1126000.0,LKR,Unheated Padparadscha,2.02,LC,,Pinkish Orange,Oval,Unheated,2025-09-01T12:35:07.741480+00:00
1.56ct Natural Unheated Padparadscha,"Rs 434,800.00",434800.0,LKR,Natural Padparadscha,1.56,EC,,Pinkish Orange,Pear,Unheated,2025-09-01T12:35:14.187337+00:00
1.34ct Natural Unheated Padparadscha,"Rs 373,500.00",373500.0,LKR,Natural Padparadscha,1.34,EC,,Pinkish Orange,Oval,Unheated,2025-09-01T12:35:20.733713+00:00
1.91ct Natural Unheated Padparascha Sapphire,"Rs 936,500.00",936500.0,LKR,Natural Unheated Padparascha Sapphire,.1.91,,8x6..2x3.9 mm,Orangish Pink,Cushion,Unheated,2025-09-01T12:35:29.551748+00:00
1.48ct Natural Padparadscha,"Rs 512,900.00",512900.0,LKR,Padparadscha Sapphire,1.48,LC,10x4.9x2.6mm,Pinkish Orange,Baguette,Unheated,2025-09-01T12:35:37.971454+00:00
1.23ct Natural Unheated Padparadscha,"Rs 479,400.00",479400.0,LKR,Natural Unheated Padparadscha,1.23,EC,7.5x6.2x3.5mm,Pinkish Orange,Pear,Unheated,2025-09-01T12:35:46.830475+00:00
1.47ct Natural Unheated Padparadscha,"Rs 570,800.00",570800.0,LKR,Natural Unheated Padparadscha,1.47,EC,8.3x6.3x3.2mm,Pinkish Orange,Oval,Unheated,2025-09-01T12:35:54.802890+00:00
0.55ct Natural Unheated Ruby,"Rs 334,500.00",334500.0,LKR,Natural Unheated Ruby,0.55,EC,6.6 x 3.4 x 2.1 mm,Red,Baguette,Unheated,2025-09-01T12:19:37.541717+00:00
0.70ct Natural Unheated Ruby,"Rs 189,600.00",189600.0,LKR,Natural Unheated Ruby,0.7,EC,5.8 x 4.5 mm,Red,Oval,Unheated,2025-09-01T12:19:45.724796+00:00
0.70ct Natural Unheated Ruby,"Rs 267,600.00",267600.0,LKR,Natural Unheated Ruby,0.7,LC,5.4 x 3.3 mm,Pinkish Red,Round,Unheated,2025-09-01T12:19:54.231982+00:00
0.56ct Natural Unheated Ruby,"Rs 211,900.00",211900.0,LKR,Natural Unheated Ruby,0.56,EC,5 mm,Red,Round,Unheated,2025-09-01T12:20:02.197700+00:00
0.54ct Natural Unheated Ruby,"Rs 211,900.00",211900.0,LKR,Natural Unheated Ruby,0.54,EC,5 mm,Red,Round,Unheated,2025-09-01T12:20:09.394228+00:00
0.68ct Natural Unheated Ruby,"Rs 189,600.00",189600.0,LKR,Natural Unheated Ruby,0.68,EC,6.2 x 4.8 mm,Red,Oval,Unheated,2025-09-01T12:20:16.198934+00:00
1.39ct Natural Unheated Ruby,"Rs 958,800.00",958800.0,LKR,Natural Unheated Ruby,1.39,LC,7.4 x 5.9 x 3.2 mm,Red,Oval,Unheated,2025-09-01T12:20:23.616433+00:00
1.07ct Natural Unheated Ruby,"Rs 735,800.00",735800.0,LKR,Natural Unheated Ruby,1.07,EC,7 x 4.8 x 3.1 mm,Red,Cushion,Unheated,2025-09-01T12:20:33.184421+00:00
1.00ct Natural Unheated Ruby,"Rs 390,200.00",390200.0,LKR,Natural Unheated Ruby,1.0,EC,7.2 x 6 mm,Red,Pear,Unheated,2025-09-01T12:20:41.863738+00:00
0.85ct Natural Unheated Ruby,"Rs 490,600.00",490600.0,LKR,Natural Unheated Ruby,0.85,EC,6.1 x 5.2 mm,Red,Oval,Unheated,2025-09-01T12:20:49.884033+00:00
0.92ct Natural Unheated Ruby,"Rs 423,700.00",423700.0,LKR,Natural Unheated Ruby,0.92,EC,6.2 x 5.2 x 3.6 mm,Pinkish Red,Oval,Unheated,2025-09-01T12:20:57.454594+00:00
0.80ct Natural Unheated Ruby,"Rs 278,700.00",278700.0,LKR,Natural Unheated Ruby,0.8,,6.x5.0x3.1mm,Red Ruby,Oval,Unheated,2025-09-01T12:21:05.604734+00:00
1.21ct Natural Unheated Ruby,"Rs 496,100.00",496100.0,LKR,Natural Unheated Ruby,1.21,EC,5.5x6.0mm,Red Ruby,Cushion,Unheated,2025-09-01T12:21:14.589867+00:00
1.58ct  Natural Unheated Ruby,"Rs 793,800.00",793800.0,LKR,Natural Unheated Ruby,1.58,,8.2 x 6.5 x 3.2mm,Pinkish Red,Cushion,Unheated,2025-09-01T12:21:22.650181+00:00
2.92ct Natural Pink Sapphire,"Rs 732,500.00",732500.0,LKR,Natural Pink Sapphire,2.92,,8x7.6x4.4mm,Orangish Pink,Cushion,,2025-09-01T12:21:32.308374+00:00
2.31ct Natural Ruby,"Rs 1,806,000.00",1806000.0,LKR,Natural Ruby,2.31,,10.3 × 7 × 3.7 mm,Red,Pear,,2025-09-01T12:21:38.861752+00:00
1.97ct Natural Unheated Ruby,"Rs 1,757,000.00",1757000.0,LKR,Natural Unheated Ruby,1.97,,7.9×6.5×3.6 mm,Red,Cushion,Unheated,2025-09-01T12:21:46.397904+00:00
2.05ct Natural Ruby,"Rs 579,700.00",579700.0,LKR,Natural Ruby,2.05,LC,7 × 5 mm,Red,Pear,,2025-09-01T12:21:53.540709+00:00
1.57ct Natural Ruby,"Rs 802,700.00",802700.0,LKR,Natural Ruby,1.57,EC,,Pinkish Red,Cushion,,2025-09-01T12:22:01.581786+00:00
1.04ct Natural Unheated Ruby,"Rs 1,137,100.00",1137100.0,LKR,Natural Unheated Ruby,1.04,,5.5 × 4.5 × 3.6 mm,Red,Cushion,Unheated,2025-09-01T12:22:09.157628+00:00
1.32ct Natural Unheated Ruby,"Rs 441,500.00",441500.0,LKR,Natural Unheated Ruby,1.32,,6.21 x 6.04 x 3.65mm,Red,Cushion,Unheated,2025-09-01T12:22:17.232655+00:00
